<?xml version="1.0"?>
<!--<!DOCTYPE metadata SYSTEM "http://www.esri.com/metadata/esriprof80.dtd">-->
<metadata xml:lang="en"><Esri><CreaDate>20090116</CreaDate><CreaTime>02054800</CreaTime><SyncOnce>TRUE</SyncOnce><MetaID>{60AB79E2-0C2A-4630-B9C2-99546D521A81}</MetaID></Esri><idinfo><citation><citeinfo><onlink Sync="TRUE">\\GIS-MA\D$\Workspace\UMD\GEOG677\Lab4\Lab4_data\Maryland\hospital_sha</onlink></citeinfo></citation></idinfo><distInfo><distributor><distorTran><onLineSrc><linkage Sync="TRUE">file://\\GIS-MA\D$\Workspace\UMD\GEOG677\Lab4\Lab4_data\Maryland\hospital_sha</linkage><protocol Sync="TRUE">Local Area Network</protocol></onLineSrc></distorTran></distributor></distInfo><dataqual><lineage><procstep><procdesc Sync="TRUE">Dataset copied.</procdesc><srcused Sync="TRUE">D:\Workspace\Data\MD_Data\MD_State\Maryland\hospital_sha</srcused><procdate Sync="TRUE">20090116</procdate><proctime Sync="TRUE">02054800</proctime></procstep></lineage></dataqual></metadata>
