<?xml version="1.0"?>
<!--<!DOCTYPE metadata SYSTEM "http://www.esri.com/metadata/esriprof80.dtd">-->
<metadata xml:lang="en"><Esri><CreaDate>20090116</CreaDate><CreaTime>02053400</CreaTime><SyncOnce>FALSE</SyncOnce><SyncDate>20090116</SyncDate><SyncTime>02043500</SyncTime><ModDate>20090116</ModDate><ModTime>02043500</ModTime><DataProperties><lineage><Process ToolSource="C:\Program Files\ArcGIS\ArcToolbox\Toolboxes\Data Management Tools.tbx\CopyFeatures" Date="20090116" Time="020435">CopyFeatures D:\Workspace\Data\MD_Data\MD_State\maryutm\md2cty\polygon D:\Workspace\Data\MD_Data\MD_State\Maryland\md2cty_polygon.shp # 0 0 0</Process></lineage></DataProperties><MetaID>{4162816D-CD6B-4824-8388-264D7BF2EC1D}</MetaID></Esri><idinfo><native Sync="TRUE">Microsoft Windows XP Version 5.1 (Build 2600) Service Pack 3; ESRI ArcCatalog 9.3.0.1770</native><descript><langdata Sync="TRUE">en</langdata><abstract>REQUIRED: A brief narrative summary of the data set.</abstract><purpose>REQUIRED: A summary of the intentions with which the data set was developed.</purpose></descript><citation><citeinfo><origin>REQUIRED: The name of an organization or individual that developed the data set.</origin><pubdate>REQUIRED: The date when the data set is published or otherwise made available for release.</pubdate><title Sync="TRUE">md2cty_polygon</title><ftname Sync="TRUE">md2cty_polygon</ftname><geoform Sync="TRUE">vector digital data</geoform><onlink Sync="TRUE">\\GIS-MA\D$\Workspace\UMD\GEOG677\Lab4\Lab4_data\Maryland\md2cty_polygon</onlink></citeinfo></citation><timeperd><current>REQUIRED: The basis on which the time period of content information is determined.</current><timeinfo><sngdate><caldate>REQUIRED: The year (and optionally month, or month and day) for which the data set corresponds to the ground.</caldate></sngdate></timeinfo></timeperd><status><progress>REQUIRED: The state of the data set.</progress><update>REQUIRED: The frequency with which changes and additions are made to the data set after the initial data set is completed.</update></status><spdom><bounding><westbc Sync="TRUE">-79.523542</westbc><eastbc Sync="TRUE">-75.045291</eastbc><northbc Sync="TRUE">39.806847</northbc><southbc Sync="TRUE">37.828635</southbc></bounding><lboundng><leftbc Sync="TRUE">112217.125000</leftbc><rightbc Sync="TRUE">496018.750000</rightbc><bottombc Sync="TRUE">4195955.500000</bottombc><topbc Sync="TRUE">4406320.500000</topbc></lboundng></spdom><keywords><theme><themekt>REQUIRED: Reference to a formally registered thesaurus or a similar authoritative source of theme keywords.</themekt><themekey>REQUIRED: Common-use word or phrase used to describe the subject of the data set.</themekey></theme></keywords><accconst>REQUIRED: Restrictions and legal prerequisites for accessing the data set.</accconst><useconst>REQUIRED: Restrictions and legal prerequisites for using the data set after access is granted.</useconst><natvform Sync="TRUE">Shapefile</natvform></idinfo><dataIdInfo><envirDesc Sync="TRUE">Microsoft Windows XP Version 5.1 (Build 2600) Service Pack 3; ESRI ArcCatalog 9.3.0.1770</envirDesc><dataLang><languageCode Sync="TRUE" value="en"></languageCode></dataLang><idCitation><resTitle Sync="TRUE">md2cty_polygon</resTitle><presForm><PresFormCd Sync="TRUE" value="005"></PresFormCd></presForm></idCitation><spatRpType><SpatRepTypCd Sync="TRUE" value="001"></SpatRepTypCd></spatRpType><dataExt><geoEle><GeoBndBox esriExtentType="native"><westBL Sync="TRUE">112217.125</westBL><eastBL Sync="TRUE">496018.75</eastBL><northBL Sync="TRUE">4406320.5</northBL><southBL Sync="TRUE">4195955.5</southBL><exTypeCode Sync="TRUE">1</exTypeCode></GeoBndBox></geoEle></dataExt><geoBox esriExtentType="decdegrees"><westBL Sync="TRUE">-79.523542</westBL><eastBL Sync="TRUE">-75.045291</eastBL><northBL Sync="TRUE">39.806847</northBL><southBL Sync="TRUE">37.828635</southBL><exTypeCode Sync="TRUE">1</exTypeCode></geoBox></dataIdInfo><metainfo><langmeta Sync="TRUE">en</langmeta><metstdn Sync="TRUE">FGDC Content Standards for Digital Geospatial Metadata</metstdn><metstdv Sync="TRUE">FGDC-STD-001-1998</metstdv><mettc Sync="TRUE">local time</mettc><metc><cntinfo><cntorgp><cntper>REQUIRED: The person responsible for the metadata information.</cntper><cntorg>REQUIRED: The organization responsible for the metadata information.</cntorg></cntorgp><cntaddr><addrtype>REQUIRED: The mailing and/or physical address for the organization or individual.</addrtype><city>REQUIRED: The city of the address.</city><state>REQUIRED: The state or province of the address.</state><postal>REQUIRED: The ZIP or other postal code of the address.</postal></cntaddr><cntvoice>REQUIRED: The telephone number by which individuals can speak to the organization or individual.</cntvoice></cntinfo></metc><metd Sync="TRUE">20090116</metd><metextns><onlink Sync="TRUE">http://www.esri.com/metadata/esriprof80.html</onlink><metprof Sync="TRUE">ESRI Metadata Profile</metprof></metextns></metainfo><mdLang><languageCode Sync="TRUE" value="en"></languageCode></mdLang><mdStanName Sync="TRUE">ISO 19115 Geographic Information - Metadata</mdStanName><mdStanVer Sync="TRUE">DIS_ESRI1.0</mdStanVer><mdChar><CharSetCd Sync="TRUE" value="004"></CharSetCd></mdChar><mdHrLv><ScopeCd Sync="TRUE" value="005"></ScopeCd></mdHrLv><mdHrLvName Sync="TRUE">dataset</mdHrLvName><distinfo><resdesc Sync="TRUE">Downloadable Data</resdesc><stdorder><digform><digtinfo><transize Sync="TRUE">0.000</transize><dssize Sync="TRUE">0.000</dssize></digtinfo></digform></stdorder></distinfo><distInfo><distributor><distorTran><onLineSrc><orDesc Sync="TRUE">002</orDesc><linkage Sync="TRUE">file://\\GIS-MA\D$\Workspace\UMD\GEOG677\Lab4\Lab4_data\Maryland\md2cty_polygon</linkage><protocol Sync="TRUE">Local Area Network</protocol></onLineSrc><transSize Sync="TRUE">0.000</transSize></distorTran><distorFormat><formatName Sync="TRUE">Shapefile</formatName></distorFormat></distributor></distInfo><spdoinfo><direct Sync="TRUE">Vector</direct><ptvctinf><esriterm Name="md2cty_polygon"><efeatyp Sync="TRUE">Simple</efeatyp><efeageom Sync="TRUE">Polygon</efeageom><esritopo Sync="TRUE">FALSE</esritopo><efeacnt Sync="TRUE">0</efeacnt><spindex Sync="TRUE">FALSE</spindex><linrefer Sync="TRUE">FALSE</linrefer></esriterm><sdtsterm Name="md2cty_polygon"><sdtstype Sync="TRUE">G-polygon</sdtstype><ptvctcnt Sync="TRUE">0</ptvctcnt></sdtsterm><esriterm Name="label"><efeatyp Sync="TRUE">Simple</efeatyp><efeageom Sync="TRUE">Label</efeageom><esritopo Sync="TRUE">FALSE</esritopo><efeacnt Sync="TRUE">60</efeacnt><spindex Sync="TRUE">FALSE</spindex><linrefer Sync="TRUE">FALSE</linrefer></esriterm><sdtsterm Name="label"><sdtstype Sync="TRUE">Label point</sdtstype><ptvctcnt Sync="TRUE">60</ptvctcnt></sdtsterm><esriterm Name="polygon"><efeatyp Sync="TRUE">Simple</efeatyp><efeageom Sync="TRUE">Polygon</efeageom><esritopo Sync="TRUE">TRUE</esritopo><efeacnt Sync="TRUE">60</efeacnt><spindex Sync="TRUE">FALSE</spindex><linrefer Sync="TRUE">FALSE</linrefer></esriterm><sdtsterm Name="polygon"><sdtstype Sync="TRUE">GT-polygon composed of chains</sdtstype><ptvctcnt Sync="TRUE">60</ptvctcnt></sdtsterm><esriterm Name="tic"><efeatyp Sync="TRUE">Simple</efeatyp><efeageom Sync="TRUE">Tic</efeageom><esritopo Sync="TRUE">FALSE</esritopo><efeacnt Sync="TRUE">4</efeacnt><spindex Sync="TRUE">FALSE</spindex><linrefer Sync="TRUE">FALSE</linrefer></esriterm><sdtsterm Name="tic"><sdtstype Sync="TRUE">Point</sdtstype><ptvctcnt Sync="TRUE">4</ptvctcnt></sdtsterm></ptvctinf></spdoinfo><spref><horizsys><cordsysn><geogcsn Sync="TRUE">GCS_North_American_1983</geogcsn><projcsn Sync="TRUE">NAD_1983_UTM_Zone_18N</projcsn></cordsysn><planar><planci><plance Sync="TRUE">coordinate pair</plance><plandu Sync="TRUE">meters</plandu><coordrep><absres Sync="TRUE">0.000000</absres><ordres Sync="TRUE">0.000000</ordres></coordrep></planci><gridsys><gridsysn Sync="TRUE">Universal Transverse Mercator</gridsysn><utm><utmzone Sync="TRUE">18</utmzone><transmer><sfctrmer Sync="TRUE">0.999600</sfctrmer><longcm Sync="TRUE">-75.000000</longcm><latprjo Sync="TRUE">0.000000</latprjo><feast Sync="TRUE">500000.000000</feast><fnorth Sync="TRUE">0.000000</fnorth></transmer></utm></gridsys></planar><geodetic><horizdn Sync="TRUE">North American Datum of 1983</horizdn><ellips Sync="TRUE">Geodetic Reference System 80</ellips><semiaxis Sync="TRUE">6378137.000000</semiaxis><denflat Sync="TRUE">298.257222</denflat></geodetic></horizsys></spref><refSysInfo><RefSystem><refSysID><identCode Sync="TRUE">NAD_1983_UTM_Zone_18N</identCode></refSysID></RefSystem></refSysInfo><spatRepInfo><VectSpatRep><topLvl><TopoLevCd Sync="TRUE" value="001"></TopoLevCd></topLvl><geometObjs Name="md2cty_polygon"><geoObjTyp><GeoObjTypCd Sync="TRUE" value="001"></GeoObjTypCd></geoObjTyp><geoObjCnt Sync="TRUE">0</geoObjCnt></geometObjs></VectSpatRep></spatRepInfo><eainfo><detailed Name="md2cty_polygon"><enttyp><enttypl Sync="TRUE">md2cty_polygon</enttypl><enttypt Sync="TRUE">Feature Class</enttypt><enttypc Sync="TRUE">0</enttypc></enttyp><attr><attrlabl Sync="TRUE">FID</attrlabl><attalias Sync="TRUE">FID</attalias><attrtype Sync="TRUE">OID</attrtype><attwidth Sync="TRUE">4</attwidth><atprecis Sync="TRUE">0</atprecis><attscale Sync="TRUE">0</attscale><attrdef Sync="TRUE">Internal feature number.</attrdef><attrdefs Sync="TRUE">ESRI</attrdefs><attrdomv><udom Sync="TRUE">Sequential unique whole numbers that are automatically generated.</udom></attrdomv></attr><attr><attrlabl Sync="TRUE">Shape</attrlabl><attalias Sync="TRUE">Shape</attalias><attrtype Sync="TRUE">Geometry</attrtype><attwidth Sync="TRUE">0</attwidth><atprecis Sync="TRUE">0</atprecis><attscale Sync="TRUE">0</attscale><attrdef Sync="TRUE">Feature geometry.</attrdef><attrdefs Sync="TRUE">ESRI</attrdefs><attrdomv><udom Sync="TRUE">Coordinates defining the features.</udom></attrdomv></attr><attr><attrlabl Sync="TRUE">AREA</attrlabl><attwidth Sync="TRUE">13</attwidth><atoutwid Sync="TRUE">12</atoutwid><attrtype Sync="TRUE">Float</attrtype><attrdef Sync="TRUE">Area of feature in internal units squared.</attrdef><attrdefs Sync="TRUE">ESRI</attrdefs><attrdomv><udom Sync="TRUE">Positive real numbers that are automatically generated.</udom></attrdomv><attalias Sync="TRUE">AREA</attalias><atnumdec Sync="TRUE">11</atnumdec></attr><attr><attrlabl Sync="TRUE">PERIMETER</attrlabl><attwidth Sync="TRUE">13</attwidth><atoutwid Sync="TRUE">12</atoutwid><attrtype Sync="TRUE">Float</attrtype><attrdef Sync="TRUE">Perimeter of feature in internal units.</attrdef><attrdefs Sync="TRUE">ESRI</attrdefs><attrdomv><udom Sync="TRUE">Positive real numbers that are automatically generated.</udom></attrdomv><attalias Sync="TRUE">PERIMETER</attalias><atnumdec Sync="TRUE">11</atnumdec></attr><attr><attrlabl Sync="TRUE">MD2CTY_</attrlabl><attalias Sync="TRUE">MD2CTY_</attalias><attrtype Sync="TRUE">Number</attrtype><attwidth Sync="TRUE">9</attwidth></attr><attr><attrlabl Sync="TRUE">MD2CTY_ID</attrlabl><attalias Sync="TRUE">MD2CTY_ID</attalias><attrtype Sync="TRUE">Number</attrtype><attwidth Sync="TRUE">9</attwidth></attr><attr><attrlabl Sync="TRUE">STATE_FIPS</attrlabl><attwidth Sync="TRUE">3</attwidth><atoutwid Sync="TRUE">3</atoutwid><attrtype Sync="TRUE">Number</attrtype><attalias Sync="TRUE">STATE_FIPS</attalias></attr><attr><attrlabl Sync="TRUE">CNTY_FIPS</attrlabl><attwidth Sync="TRUE">3</attwidth><atoutwid Sync="TRUE">3</atoutwid><attrtype Sync="TRUE">Number</attrtype><attalias Sync="TRUE">CNTY_FIPS</attalias></attr><attr><attrlabl Sync="TRUE">FIPS</attrlabl><attwidth Sync="TRUE">6</attwidth><atoutwid Sync="TRUE">6</atoutwid><attrtype Sync="TRUE">String</attrtype><attalias Sync="TRUE">FIPS</attalias></attr><attr><attrlabl Sync="TRUE">STATE_NAME</attrlabl><attwidth Sync="TRUE">20</attwidth><atoutwid Sync="TRUE">20</atoutwid><attrtype Sync="TRUE">String</attrtype><attalias Sync="TRUE">STATE_NAME</attalias></attr><attr><attrlabl Sync="TRUE">CNTY_NAME</attrlabl><attwidth Sync="TRUE">32</attwidth><atoutwid Sync="TRUE">32</atoutwid><attrtype Sync="TRUE">String</attrtype><attalias Sync="TRUE">CNTY_NAME</attalias></attr><attr><attrlabl Sync="TRUE">SUB_REGION</attrlabl><attwidth Sync="TRUE">7</attwidth><atoutwid Sync="TRUE">7</atoutwid><attrtype Sync="TRUE">String</attrtype><attalias Sync="TRUE">SUB_REGION</attalias></attr><attr><attrlabl Sync="TRUE">STAT_FLAG</attrlabl><attwidth Sync="TRUE">1</attwidth><atoutwid Sync="TRUE">1</atoutwid><attrtype Sync="TRUE">Number</attrtype><attalias Sync="TRUE">STAT_FLAG</attalias></attr></detailed></eainfo><mdDateSt Sync="TRUE">20090116</mdDateSt><dataqual><lineage><procstep><procdesc Sync="TRUE">Dataset copied.</procdesc><srcused Sync="TRUE">D:\Workspace\Data\MD_Data\MD_State\Maryland\md2cty_polygon</srcused><procdate Sync="TRUE">20090116</procdate><proctime Sync="TRUE">02053400</proctime></procstep></lineage></dataqual></metadata>
